description,price,address,images,sourceUrl,source,listedDate,governorate,originalArea,area,pricePerSqFt,propertyType,zoning,originalPrice,coordinates,image_list,nearWater,roadAccess,utilities
S+3 avec jardin en vente √† Chotrana 1,570000,"Ariana, il y a quelques secondes",https://www.tayara.tn/mediaGateway/resize-image?img=98/98a1d224-26da-4401-b11c-07c93b849ad2&w=100&w=300,https://www.tayara.tnhttps://www.tayara.tn/fr/item/67e53b7dca3467b14e6e05f3/Appartements/Ariana/Chotrana_1/S3_avec_jardin_en_vente_Chotrana_1_/,tayara.tn,2025-04-21,Ariana,,,,autre,unknown,570 000 DT,"[10.200357023144045, 36.86662416796445]",['https://www.tayara.tn/mediaGateway/resize-image?img=98/98a1d224-26da-4401-b11c-07c93b849ad2&w=100&w=300'],False,True,True
S+3 en vente √† La Soukra,320000,"Ariana, il y a quelques secondes",https://www.tayara.tn/mediaGateway/resize-image?img=98/98a1d224-26da-4401-b11c-07c93b849ad2&w=100&w=300,https://www.tayara.tnhttps://www.tayara.tn/fr/item/67daa3a4fd1c6385be389b97/Appartements/Ariana/La_Soukra/S3_en_vente_La_Soukra/,tayara.tn,2025-04-21,Ariana,,,,autre,unknown,320 000 DT,"[10.195772681756779, 36.8687981255202]",['https://www.tayara.tn/mediaGateway/resize-image?img=98/98a1d224-26da-4401-b11c-07c93b849ad2&w=100&w=300'],False,True,True
S+2 direct promoteur en vente √† Chotrana 1,439235,"Ariana, il y a quelques secondes",https://www.tayara.tn/mediaGateway/resize-image?img=98/98a1d224-26da-4401-b11c-07c93b849ad2&w=100&w=300,https://www.tayara.tnhttps://www.tayara.tn/fr/item/67e53834fd1c6385be3e7e1e/Appartements/Ariana/Chotrana_1/S2_direct_promoteur_en_vente_Chotrana_1_/,tayara.tn,2025-04-21,Ariana,,,,autre,unknown,439 235 DT,"[10.194732966010696, 36.85478054711051]",['https://www.tayara.tn/mediaGateway/resize-image?img=98/98a1d224-26da-4401-b11c-07c93b849ad2&w=100&w=300'],False,True,True
S+1 direct promoteur en vente √† Chotrana 1,214000,"Ariana, il y a une minute",https://www.tayara.tn/mediaGateway/resize-image?img=98/98a1d224-26da-4401-b11c-07c93b849ad2&w=100&w=300,https://www.tayara.tnhttps://www.tayara.tn/fr/item/67e53602fd1c6385be3e7c56/Appartements/Ariana/Chotrana_1/S1_direct_promoteur_en_vente_Chotrana_1_/,tayara.tn,2025-04-21,Ariana,,,,autre,unknown,214 000 DT,"[10.203118814012301, 36.870700191511325]",['https://www.tayara.tn/mediaGateway/resize-image?img=98/98a1d224-26da-4401-b11c-07c93b849ad2&w=100&w=300'],False,True,True
S+3 √† vendre,340000,"Ariana, il y a une minute",https://www.tayara.tn/mediaGateway/resize-image?img=98/98a1d224-26da-4401-b11c-07c93b849ad2&w=100&w=300,https://www.tayara.tnhttps://www.tayara.tn/fr/item/670518bf09cd6cca02497e91/Appartements/Ariana/La_Soukra/S3_vendre/,tayara.tn,2025-04-21,Ariana,,,,autre,unknown,340 000 DT,"[10.198855716683, 36.871026092384305]",['https://www.tayara.tn/mediaGateway/resize-image?img=98/98a1d224-26da-4401-b11c-07c93b849ad2&w=100&w=300'],False,True,True
üìçLA SOUKRA : APPARTEMENT S+2 A VENDRE,285000,"Ariana, il y a 2 minutes",https://www.tayara.tn/mediaGateway/resize-image?img=9b/9bb731cb-dce5-4230-9151-3f1ca6f46072&w=100&w=300,https://www.tayara.tnhttps://www.tayara.tn/fr/item/6806270ac1f8f57898ddd66d/Appartements/Ariana/La_Soukra/LA_SOUKRA_APPARTEMENT_S2_A_VENDRE/,tayara.tn,2025-04-21,Ariana,,,,autre,residential,285 000 DT,"[10.184694786313631, 36.869533837115014]",['https://www.tayara.tn/mediaGateway/resize-image?img=9b/9bb731cb-dce5-4230-9151-3f1ca6f46072&w=100&w=300'],False,True,True
Local commercial √† ezzahra,500,"Ben Arous, il y a 4 minutes",https://www.tayara.tn/mediaGateway/resize-image?img=84/848a981d-4a36-4f5d-93c7-37c04b97e1a1&w=100&w=300,https://www.tayara.tnhttps://www.tayara.tn/fr/item/680626a9c5beda2b51cbe1fd/Magasins%2C%20Commerces%20et%20Locaux%20industriels/Ben_Arous/Ezzahra/Local_commercial_ezzahra/,tayara.tn,2025-04-21,Ben Arous,,,,autre,commercial,500 DT,"[10.229041202086256, 36.74623186510311]",['https://www.tayara.tn/mediaGateway/resize-image?img=84/848a981d-4a36-4f5d-93c7-37c04b97e1a1&w=100&w=300'],True,True,True
Un S+0 meubl√© √† louer annuelle situ√© au RDC dans un endroit calme √† l‚ÄôAFH Mrezga Nabeul,400,"Nabeul, il y a 5 minutes",https://www.tayara.tn/mediaGateway/resize-image?img=fe/fe0755ba-c9b1-46b6-940f-a8a0e867eeb9&w=100&w=300,https://www.tayara.tnhttps://www.tayara.tn/fr/item/67b9a925bf049e957ead5225/Appartements/Nabeul/Mrezga/Un_S0_meubl_louer_annuelle_situ_au_RDC_dans_un_endroit_calme_lAFH_Mrezga_Nabeul_/,tayara.tn,2025-04-21,Nabeul,0.0,0.0,,autre,unknown,400 DT,"[10.1815, 36.8065]",['https://www.tayara.tn/mediaGateway/resize-image?img=fe/fe0755ba-c9b1-46b6-940f-a8a0e867eeb9&w=100&w=300'],False,True,True
A LOUER S+3 ‚Äì LA SOUKRA ‚Äì TEL 56306032‚Äì FB.7789,1400,"Ariana, il y a 5 minutes",https://www.tayara.tn/mediaGateway/resize-image?img=0a/0afa5ef7-061a-4043-a8fe-998f9a9b1ea6&w=300,https://www.tayara.tnhttps://www.tayara.tn/fr/item/68062684c5beda2b51cbe1c3/Appartements/Ariana/La_Soukra/A_LOUER_S3_LA_SOUKRA_TEL_56306032_FB7789/,tayara.tn,2025-04-21,Ariana,,,,autre,unknown,1 400 DT,"[10.192115537513748, 36.85461638590483]",['https://www.tayara.tn/mediaGateway/resize-image?img=0a/0afa5ef7-061a-4043-a8fe-998f9a9b1ea6&w=300'],False,True,True
Appart S+2 meubl√© √† Ennasr 2,1200,"Ariana, il y a 5 minutes",https://www.tayara.tn/mediaGateway/resize-image?img=b2/b2e448a9-b5aa-4636-a70a-191031abebb3&w=300,https://www.tayara.tnhttps://www.tayara.tn/fr/item/68062664c5beda2b51cbe18f/Appartements/Ariana/Cit_Ennasr_2/Appart_S2_meubl_Ennasr_2/,tayara.tn,2025-04-21,Ariana,2.0,22.0,54.55,autre,unknown,1 200 DT,"[10.194085230288938, 36.8537406576804]",['https://www.tayara.tn/mediaGateway/resize-image?img=b2/b2e448a9-b5aa-4636-a70a-191031abebb3&w=300'],False,True,True
Location Annuelle,1650,"Nabeul, il y a 5 minutes",https://www.tayara.tn/mediaGateway/resize-image?img=12/1273f932-769f-4a64-8019-91c20f47907f&w=300,https://www.tayara.tnhttps://www.tayara.tn/fr/item/68062663c1f8f57898ddd591/Appartements/Nabeul/Hammamet_Nord/Location_Annuelle_/,tayara.tn,2025-04-21,Nabeul,,,,autre,unknown,1 650 DT,"[10.1815, 36.8065]",['https://www.tayara.tn/mediaGateway/resize-image?img=12/1273f932-769f-4a64-8019-91c20f47907f&w=300'],False,True,True
S+2 pour la vente,250000,"Sousse, il y a 6 minutes",https://www.tayara.tn/mediaGateway/resize-image?img=6c/6cf0103b-d0d2-4e1f-97f1-9629f741df3d&w=100&w=300,https://www.tayara.tnhttps://www.tayara.tn/fr/item/6806264ac1f8f57898ddd575/Appartements/Sousse/Hergla/S2_pour_la_vente_/,tayara.tn,2025-04-21,Sousse,,,,autre,unknown,250 000 DT,"[10.637343544275604, 35.834013949843914]",['https://www.tayara.tn/mediaGateway/resize-image?img=6c/6cf0103b-d0d2-4e1f-97f1-9629f741df3d&w=100&w=300'],False,True,True
Bureau priv√©,1200,"Tunis, il y a 7 minutes",https://www.tayara.tn/mediaGateway/resize-image?img=f0/f0da6eb9-c3e0-4ed4-9b68-50712ebcca3c&w=300,https://www.tayara.tnhttps://www.tayara.tn/fr/item/6806261cc1f8f57898ddd549/Bureaux%20et%20Plateaux/Tunis/El_Manar_1/Bureau_priv/,tayara.tn,2025-04-21,Tunis,,,,autre,unknown,1 200 DT,"[10.190381347108175, 36.80974328865517]",['https://www.tayara.tn/mediaGateway/resize-image?img=f0/f0da6eb9-c3e0-4ed4-9b68-50712ebcca3c&w=300'],False,True,True
Appart s2 tr√©sor √† louer √† La Marsa,2200,"Tunis, il y a 7 minutes",https://www.tayara.tn/mediaGateway/resize-image?img=ff/ff8d5396-aa38-4c85-b8e7-8639cf59eb83&w=100&w=300,https://www.tayara.tnhttps://www.tayara.tn/fr/item/680625fec1f8f57898ddd520/Appartements/Tunis/La_Marsa/Appart_s2_trsor_louer_La_Marsa/,tayara.tn,2025-04-21,Tunis,,,,autre,unknown,2 200 DT,"[10.183864398779068, 36.808346379209965]",['https://www.tayara.tn/mediaGateway/resize-image?img=ff/ff8d5396-aa38-4c85-b8e7-8639cf59eb83&w=100&w=300'],False,True,True
"A vendre appartement S+2 vue sur mer √† k√©libia, kerkouane",180000,"Nabeul, il y a 7 minutes",https://www.tayara.tn/mediaGateway/resize-image?img=5f/5fbbc899-a490-4939-9dda-eea0da39c40c&w=100&w=300,https://www.tayara.tnhttps://www.tayara.tn/fr/item/67ac81f50b5f1b5530fa8aab/Appartements/Nabeul/Klibia/A_vendre_appartement_S2_vue_sur_mer_klibia_kerkouane/,tayara.tn,2025-04-21,Nabeul,,,,autre,residential,180 000 DT,"[10.1815, 36.8065]",['https://www.tayara.tn/mediaGateway/resize-image?img=5f/5fbbc899-a490-4939-9dda-eea0da39c40c&w=100&w=300'],True,True,True
Appartement s+2 haut standing √† vendre,195000,"Nabeul, il y a 7 minutes",https://www.tayara.tn/mediaGateway/resize-image?img=5a/5ac8ca72-e072-4845-9b8c-19a9bd88b0f1&w=100&w=300,https://www.tayara.tnhttps://www.tayara.tn/fr/item/67e2ab1eca3467b14e6ca67d/Appartements/Nabeul/Klibia/Appartement_s2_haut_standing_vendre_/,tayara.tn,2025-04-21,Nabeul,,,,autre,residential,195 000 DT,"[10.1815, 36.8065]",['https://www.tayara.tn/mediaGateway/resize-image?img=5a/5ac8ca72-e072-4845-9b8c-19a9bd88b0f1&w=100&w=300'],False,True,True
Appart S+2 meubl√© √† Ennasr 2 Hedi Nouira,1200,"Ariana, il y a 8 minutes",https://www.tayara.tn/mediaGateway/resize-image?img=85/85bc144c-7aea-47c5-b1ee-e142eca74e1c&w=300,https://www.tayara.tnhttps://www.tayara.tn/fr/item/680625dfc1f8f57898ddd4f8/Appartements/Ariana/Cit_Ennasr_2/Appart_S2_meubl_Ennasr_2_Hedi_Nouira/,tayara.tn,2025-04-21,Ariana,2.0,22.0,54.55,autre,unknown,1 200 DT,"[10.199468327785349, 36.85350512781843]",['https://www.tayara.tn/mediaGateway/resize-image?img=85/85bc144c-7aea-47c5-b1ee-e142eca74e1c&w=300'],False,True,True
appartement 3 pieces,950000,"Tunis, il y a 8 minutes",https://www.tayara.tn/mediaGateway/resize-image?img=98/989520e0-34ba-4a2f-a9ff-d5511d3d69b2&w=300,https://www.tayara.tnhttps://www.tayara.tn/fr/item/680625d4c1f8f57898ddd4e1/Appartements/Tunis/Tunis/appartement_3_pieces/,tayara.tn,2025-04-21,Tunis,,,,autre,residential,950 000 DT,"[10.189212419639345, 36.81640443059352]",['https://www.tayara.tn/mediaGateway/resize-image?img=98/989520e0-34ba-4a2f-a9ff-d5511d3d69b2&w=300'],False,True,True
location ennasr2 local commercial 200¬≤,5490,"Ariana, il y a 9 minutes",https://www.tayara.tn/mediaGateway/resize-image?img=43/4318c454-26d2-480e-9917-60dc24559961.png&w=100&w=300,https://www.tayara.tnhttps://www.tayara.tn/fr/item/68062578c5beda2b51cbe08b/Magasins%2C%20Commerces%20et%20Locaux%20industriels/Ariana/Ennasr/location_ennasr2_local_commercial_200/,tayara.tn,2025-04-21,Ariana,,,,autre,commercial,5 490 DT,"[10.192624989629255, 36.871196770331586]",['https://www.tayara.tn/mediaGateway/resize-image?img=43/4318c454-26d2-480e-9917-60dc24559961.png&w=100&w=300'],True,True,True
A Vendre Appartement S3 √† L'Aouina,250000,"Tunis, il y a 9 minutes",https://www.tayara.tn/mediaGateway/resize-image?img=e9/e9c129ce-fab3-4210-aed2-2054140f4459&w=100&w=300,https://www.tayara.tnhttps://www.tayara.tn/fr/item/68062570c5beda2b51cbe081/Appartements/Tunis/L_Aouina/A_Vendre_Appartement_S3_LAouina/,tayara.tn,2025-04-21,Tunis,,,,autre,residential,250 000 DT,"[10.171694457153022, 36.81217324937166]",['https://www.tayara.tn/mediaGateway/resize-image?img=e9/e9c129ce-fab3-4210-aed2-2054140f4459&w=100&w=300'],False,True,True
A Vendre Maison au Cit√© Tahrir,300000,"Tunis, il y a 10 minutes",https://www.tayara.tn/mediaGateway/resize-image?img=cd/cd3e6041-f5d3-4ae0-a25b-251419309248&w=100&w=300,https://www.tayara.tnhttps://www.tayara.tn/fr/item/6806254ec1f8f57898ddd438/Maisons%20et%20Villas/Tunis/Ettahrir/A_Vendre_Maison_au_Cit_Tahrir/,tayara.tn,2025-04-21,Tunis,,,,autre,unknown,300 000 DT,"[10.185004176414894, 36.80191779923297]",['https://www.tayara.tn/mediaGateway/resize-image?img=cd/cd3e6041-f5d3-4ae0-a25b-251419309248&w=100&w=300'],False,True,True
Appart S+1 meubl√© avec parking sous-sol √† Ennasr 2,1050,"Ariana, il y a 10 minutes",https://www.tayara.tn/mediaGateway/resize-image?img=f9/f9c1248c-2155-4935-8cd6-8adb4b2ef058&w=300,https://www.tayara.tnhttps://www.tayara.tn/fr/item/6806254cc5beda2b51cbe05c/Appartements/Ariana/Cit_Ennasr_2/Appart_S1_meubl_avec_parking_soussol_Ennasr_2/,tayara.tn,2025-04-21,Ariana,1.0,11.0,95.45,autre,unknown,1 050 DT,"[10.196047458566294, 36.85357685024406]",['https://www.tayara.tn/mediaGateway/resize-image?img=f9/f9c1248c-2155-4935-8cd6-8adb4b2ef058&w=300'],False,True,True
bureau s plus 1 hst a el manar 2 wb4107,1400,"Tunis, il y a 11 minutes",https://www.tayara.tn/mediaGateway/resize-image?img=36/36d73d4c-71f3-454c-86e6-33e261c1fff6&w=300,https://www.tayara.tnhttps://www.tayara.tn/fr/item/6806252dc1f8f57898ddd413/Bureaux%20et%20Plateaux/Tunis/El_Manar_2/bureau_s_plus_1_hst_a_el_manar_2_wb4107/,tayara.tn,2025-04-21,Tunis,,,,autre,unknown,1 400 DT,"[10.180853405275675, 36.81087013356882]",['https://www.tayara.tn/mediaGateway/resize-image?img=36/36d73d4c-71f3-454c-86e6-33e261c1fff6&w=300'],False,True,True
hall plus 2 a la cit√© el khadhra vte wb2371,150000,"Tunis, il y a 11 minutes",https://www.tayara.tn/mediaGateway/resize-image?img=e3/e34651a8-6cad-4cb2-8742-34e9e5306f2a&w=300,https://www.tayara.tnhttps://www.tayara.tn/fr/item/6806252bc1f8f57898ddd40e/Appartements/Tunis/Cit_El_Khadra/hall_plus_2_a_la_cit_el_khadhra_vte_wb2371/,tayara.tn,2025-04-21,Tunis,,,,autre,unknown,150 000 DT,"[10.175247262589904, 36.79892667159288]",['https://www.tayara.tn/mediaGateway/resize-image?img=e3/e34651a8-6cad-4cb2-8742-34e9e5306f2a&w=300'],False,True,True
duplex s plus 5 a la cit√© el khadhra wb2992,1200,"Tunis, il y a 11 minutes",https://www.tayara.tn/mediaGateway/resize-image?img=8a/8ac4e368-da86-4f4f-9641-40b98182de15&w=300,https://www.tayara.tnhttps://www.tayara.tn/fr/item/6806252ac5beda2b51cbe032/Maisons%20et%20Villas/Tunis/Cit_El_Khadra/duplex_s_plus_5_a_la_cit_el_khadhra_wb2992/,tayara.tn,2025-04-21,Tunis,,,,autre,unknown,1 200 DT,"[10.177211929656345, 36.80388940329964]",['https://www.tayara.tn/mediaGateway/resize-image?img=8a/8ac4e368-da86-4f4f-9641-40b98182de15&w=300'],False,True,True
A louer studio appartement meubl√© par jour par nuit√©e √† hay ennasr 22333312,80,"Ariana, il y a 11 minutes",https://www.tayara.tn/mediaGateway/resize-image?img=e3/e3d045d4-bc2a-4f3b-bc49-e2f435ce7638&w=300,https://www.tayara.tnhttps://www.tayara.tn/fr/item/6806250ac1f8f57898ddd3e6/Appartements/Ariana/Ariana/A_louer_studio_appartement_meubl_par_jour_par_nuite_hay_ennasr_22333312/,tayara.tn,2025-04-21,Ariana,,,,autre,residential,80 DT,"[10.187723744914466, 36.86040679185198]",['https://www.tayara.tn/mediaGateway/resize-image?img=e3/e3d045d4-bc2a-4f3b-bc49-e2f435ce7638&w=300'],False,True,True
rc s plus 2 meubl√© a la cit√© el khadhra wb3076,1000,"Tunis, il y a 13 minutes",https://www.tayara.tn/mediaGateway/resize-image?img=c3/c39d0621-7c9d-4a94-8b99-e41affefe180&w=300,https://www.tayara.tnhttps://www.tayara.tn/fr/item/680624b9c1f8f57898ddd38a/Maisons%20et%20Villas/Tunis/Cit_El_Khadra/rc_s_plus_2_meubl_a_la_cit_el_khadhra_wb3076/,tayara.tn,2025-04-21,Tunis,2.0,22.0,45.45,autre,unknown,1 000 DT,"[10.17774586516666, 36.79697132669421]",['https://www.tayara.tn/mediaGateway/resize-image?img=c3/c39d0621-7c9d-4a94-8b99-e41affefe180&w=300'],False,True,True
studio s0 hst a la cit√© el khadhra wb4114,600,"Tunis, il y a 15 minutes",https://www.tayara.tn/mediaGateway/resize-image?img=5d/5d36ae08-d17e-4671-9782-a1547422d8ad&w=300,https://www.tayara.tnhttps://www.tayara.tn/fr/item/680624b8c1f8f57898ddd388/Maisons%20et%20Villas/Tunis/Cit_El_Khadra/studio_s0_hst_a_la_cit_el_khadhra_wb4114/,tayara.tn,2025-04-21,Tunis,,,,autre,residential,600 DT,"[10.174208424012289, 36.81084077646129]",['https://www.tayara.tn/mediaGateway/resize-image?img=5d/5d36ae08-d17e-4671-9782-a1547422d8ad&w=300'],False,True,True
A louer appartement s1 haut standing jamais habit√©e a cit√© el wahatt Ain zaghouan,950,"Tunis, il y a 15 minutes",https://www.tayara.tn/mediaGateway/resize-image?img=a5/a569f59e-497e-4a8a-9e8b-65873a7eac86&w=300,https://www.tayara.tnhttps://www.tayara.tn/fr/item/680624b7c1f8f57898ddd385/Appartements/Tunis/Ain_Zaghouen/A_louer_appartement_s1_haut_standing_jamais_habite_a_cit_el_wahatt_Ain_zaghouan/,tayara.tn,2025-04-21,Tunis,,,,autre,residential,950 DT,"[10.181481669150152, 36.81526529356407]",['https://www.tayara.tn/mediaGateway/resize-image?img=a5/a569f59e-497e-4a8a-9e8b-65873a7eac86&w=300'],False,True,True
üìçRIADH ANDALOUS : APPARTEMENT S+1 A VENDRE,178000,"Ariana, il y a 15 minutes",https://www.tayara.tn/mediaGateway/resize-image?img=9b/9bb731cb-dce5-4230-9151-3f1ca6f46072&w=100&w=300,https://www.tayara.tnhttps://www.tayara.tn/fr/item/680624b4c1f8f57898ddd381/Appartements/Ariana/Riadh_Andalous/RIADH_ANDALOUS_APPARTEMENT_S1_A_VENDRE_/,tayara.tn,2025-04-21,Ariana,,,,autre,residential,178 000 DT,"[10.200590264066495, 36.86086147280263]",['https://www.tayara.tn/mediaGateway/resize-image?img=9b/9bb731cb-dce5-4230-9151-3f1ca6f46072&w=100&w=300'],False,True,True
√Ä louer un appartement S+2 haut standing √† Ennasr2,1380,"Ariana, il y a 16 minutes",https://www.tayara.tn/mediaGateway/resize-image?img=25/25cd8c42-b125-4d03-a8e4-6f8d4cbb1127&w=100&w=300,https://www.tayara.tnhttps://www.tayara.tn/fr/item/68025d11c5beda2b51c950da/Appartements/Ariana/Ennasr/_louer_un_appartement_S2_haut_standing_Ennasr2_/,tayara.tn,2025-04-21,Ariana,,,,autre,residential,1 380 DT,"[10.191900070515512, 36.86426198315042]",['https://www.tayara.tn/mediaGateway/resize-image?img=25/25cd8c42-b125-4d03-a8e4-6f8d4cbb1127&w=100&w=300'],False,True,True
Appart S+2 meubl√© √† Ennasr 2,1150,"Ariana, il y a 16 minutes",https://www.tayara.tn/mediaGateway/resize-image?img=c1/c163ef47-648d-4d53-a08b-c43d678f7474&w=300,https://www.tayara.tnhttps://www.tayara.tn/fr/item/68062489c5beda2b51cbdf89/Appartements/Ariana/Cit_Ennasr_2/Appart_S2_meubl_Ennasr_2/,tayara.tn,2025-04-21,Ariana,2.0,22.0,52.27,autre,unknown,1 150 DT,"[10.188616080279495, 36.86041796802168]",['https://www.tayara.tn/mediaGateway/resize-image?img=c1/c163ef47-648d-4d53-a08b-c43d678f7474&w=300'],False,True,True
√Ä louer un appartement S+2 √† ariana sup√©rieure,650,"Ariana, il y a 16 minutes",https://www.tayara.tn/mediaGateway/resize-image?img=25/25cd8c42-b125-4d03-a8e4-6f8d4cbb1127&w=100&w=300,https://www.tayara.tnhttps://www.tayara.tn/fr/item/67ff7fb5fd1c6385be50a3bd/Appartements/Ariana/El_Menzah_8/_louer_un_appartement_S2_ariana_suprieure_/,tayara.tn,2025-04-21,Ariana,,,,autre,residential,650 DT,"[10.195396823883087, 36.86783352523079]",['https://www.tayara.tn/mediaGateway/resize-image?img=25/25cd8c42-b125-4d03-a8e4-6f8d4cbb1127&w=100&w=300'],False,True,True
A louer un rez de jardin S+4 d'une villa √† Ennasr2,1400,"Ariana, il y a 17 minutes",https://www.tayara.tn/mediaGateway/resize-image?img=25/25cd8c42-b125-4d03-a8e4-6f8d4cbb1127&w=100&w=300,https://www.tayara.tnhttps://www.tayara.tn/fr/item/6786a89c7041684afec2ec9e/Appartements/Ariana/Ennasr/A_louer_un_rez_de_jardin_S4_dune_villa_Ennasr2_/,tayara.tn,2025-04-21,Ariana,,,,autre,residential,1 400 DT,"[10.187876694247453, 36.85939808603887]",['https://www.tayara.tn/mediaGateway/resize-image?img=25/25cd8c42-b125-4d03-a8e4-6f8d4cbb1127&w=100&w=300'],False,True,True
üìçL‚ÄôAOUINA WAHET : APPARTEMENT S+2 A VENDRE,290000,"Tunis, il y a 17 minutes",https://www.tayara.tn/mediaGateway/resize-image?img=9b/9bb731cb-dce5-4230-9151-3f1ca6f46072&w=100&w=300,https://www.tayara.tnhttps://www.tayara.tn/fr/item/6806035cc5beda2b51cbb623/Appartements/Tunis/L_Aouina/LAOUINA_WAHET_APPARTEMENT_S2_A_VENDRE/,tayara.tn,2025-04-21,Tunis,,,,autre,residential,290 000 DT,"[10.19140667879648, 36.81018501456452]",['https://www.tayara.tn/mediaGateway/resize-image?img=9b/9bb731cb-dce5-4230-9151-3f1ca6f46072&w=100&w=300'],False,True,True
A louer un s+3 avec une vue sur Lac au Lac2,4800,"Tunis, il y a 17 minutes",https://www.tayara.tn/mediaGateway/resize-image?img=45/45a1de5b-1b89-4a8a-a9b5-d0ae785159a9&w=100&w=300,https://www.tayara.tnhttps://www.tayara.tn/fr/item/678692d97041684afec2d990/Appartements/Tunis/Lac_2/A_louer_un_s3_avec_une_vue_sur_Lac_au_Lac2/,tayara.tn,2025-04-21,Tunis,,,,autre,unknown,4 800 DT,"[10.17825981971829, 36.81401566614879]",['https://www.tayara.tn/mediaGateway/resize-image?img=45/45a1de5b-1b89-4a8a-a9b5-d0ae785159a9&w=100&w=300'],True,True,True
rez de chauss√©e s plus 2 a ennasr 2 wb4119,1200,"Ariana, il y a 17 minutes",https://www.tayara.tn/mediaGateway/resize-image?img=6b/6b6f7809-a215-4f6e-9bdd-e1d6f2228bb5&w=300,https://www.tayara.tnhttps://www.tayara.tn/fr/item/6806243ec5beda2b51cbdf23/Maisons%20et%20Villas/Ariana/Ennasr/rez_de_chausse_s_plus_2_a_ennasr_2_wb4119/,tayara.tn,2025-04-21,Ariana,,,,autre,unknown,1 200 DT,"[10.195049403513142, 36.86431335796169]",['https://www.tayara.tn/mediaGateway/resize-image?img=6b/6b6f7809-a215-4f6e-9bdd-e1d6f2228bb5&w=300'],False,True,True
studio s0 meubl√© aux jmzh 1 wb3930,600,"Ariana, il y a 17 minutes",https://www.tayara.tn/mediaGateway/resize-image?img=70/70e27d24-b4e8-462a-87c7-8581f962a49e&w=300,https://www.tayara.tnhttps://www.tayara.tn/fr/item/6806243dc1f8f57898ddd2e4/Maisons%20et%20Villas/Ariana/Jardins_El_Menzah/studio_s0_meubl_aux_jmzh_1_wb3930/,tayara.tn,2025-04-21,Ariana,0.0,0.0,,autre,residential,600 DT,"[10.189084736079714, 36.863106371576244]",['https://www.tayara.tn/mediaGateway/resize-image?img=70/70e27d24-b4e8-462a-87c7-8581f962a49e&w=300'],False,True,True
studio s0 a el manar 1 wb4002,320,"Tunis, il y a 17 minutes",https://www.tayara.tn/mediaGateway/resize-image?img=83/83f54755-dbff-4fe5-af31-dd76719a8435&w=300,https://www.tayara.tnhttps://www.tayara.tn/fr/item/6806243cc1f8f57898ddd2e2/Maisons%20et%20Villas/Tunis/El_Manar_1/studio_s0_a_el_manar_1_wb4002/,tayara.tn,2025-04-21,Tunis,,,,autre,residential,320 DT,"[10.184444554698604, 36.802073651009906]",['https://www.tayara.tn/mediaGateway/resize-image?img=83/83f54755-dbff-4fe5-af31-dd76719a8435&w=300'],False,True,True
üìç ENNASR 2 : APPARTEMENT S+3 A VENDRE,475000,"Ariana, il y a 18 minutes",https://www.tayara.tn/mediaGateway/resize-image?img=9b/9bb731cb-dce5-4230-9151-3f1ca6f46072&w=100&w=300,https://www.tayara.tnhttps://www.tayara.tn/fr/item/677f8c4eb7de28167ed1e137/Appartements/Ariana/Cit_Ennasr_2/_ENNASR_2_APPARTEMENT_S3_A_VENDRE_/,tayara.tn,2025-04-21,Ariana,,,,autre,residential,475 000 DT,"[10.184126439821828, 36.86921105902172]",['https://www.tayara.tn/mediaGateway/resize-image?img=9b/9bb731cb-dce5-4230-9151-3f1ca6f46072&w=100&w=300'],False,True,True
A louer un r√©ez de chauss√©e √† chatt mariem,1500,"Sousse, il y a 21 minutes",https://www.tayara.tn/mediaGateway/resize-image?img=8b/8b925b55-9a8a-419a-bf7a-8061cf9ccc61&w=100&w=300,https://www.tayara.tnhttps://www.tayara.tn/fr/item/680623fcc5beda2b51cbdec5/Maisons%20et%20Villas/Sousse/Akouda/A_louer_un_rez_de_chausse_chatt_mariem/,tayara.tn,2025-04-21,Sousse,,,,autre,unknown,1 500 DT,"[10.631392681451453, 35.82578150123259]",['https://www.tayara.tn/mediaGateway/resize-image?img=8b/8b925b55-9a8a-419a-bf7a-8061cf9ccc61&w=100&w=300'],False,True,True
Appart S+2 neuf haut standing √† Ennasr,1500,"Ariana, il y a 21 minutes",https://www.tayara.tn/mediaGateway/resize-image?img=f8/f8264408-0057-4747-8bda-be2d71a204fa&w=300,https://www.tayara.tnhttps://www.tayara.tn/fr/item/680623fbc1f8f57898ddd296/Appartements/Ariana/Cit_Ennasr_2/Appart_S2_neuf_haut_standing_Ennasr/,tayara.tn,2025-04-21,Ariana,,,,autre,unknown,1 500 DT,"[10.1949926110314, 36.867287174922815]",['https://www.tayara.tn/mediaGateway/resize-image?img=f8/f8264408-0057-4747-8bda-be2d71a204fa&w=300'],False,True,True
A louer appartement S+3 √† la Manouba,1200,"La Manouba, il y a 22 minutes",https://www.tayara.tn/mediaGateway/resize-image?img=43/43eaf64f-9bfd-4703-99ad-76fe7e98616b&w=100&w=300,https://www.tayara.tnhttps://www.tayara.tn/fr/item/680623bcc1f8f57898ddd238/Appartements/La_Manouba/La_Manouba/A_louer_appartement_S3_la_Manouba/,tayara.tn,2025-04-21,Manouba,,,,autre,residential,1 200 DT,"[10.1815, 36.8065]",['https://www.tayara.tn/mediaGateway/resize-image?img=43/43eaf64f-9bfd-4703-99ad-76fe7e98616b&w=100&w=300'],False,True,True
ÿ¥ŸÇÿ© ŸÖŸÅÿ±Ÿàÿ¥ÿ© ŸÑŸÑÿ•Ÿäÿ¨ÿßÿ± ŸÅŸä ÿ≠ÿØÿßÿ¶ŸÇ ŸÇÿ±ÿ∑ÿßÿ¨,160,"Tunis, il y a 23 minutes",https://www.tayara.tn/mediaGateway/resize-image?img=47/4799acf8-f386-4078-ad5b-8fcb04cbf38d&w=100&w=300,https://www.tayara.tnhttps://www.tayara.tn/fr/item/67fe9c0bfd1c6385be501bad/Locations%20de%20vacances/Tunis/Jardins_De_Carthage/_/,tayara.tn,2025-04-21,Tunis,,,,autre,unknown,160 DT,"[10.17416039628407, 36.81574730741967]",['https://www.tayara.tn/mediaGateway/resize-image?img=47/4799acf8-f386-4078-ad5b-8fcb04cbf38d&w=100&w=300'],False,True,True
s plus 1 meubl√© a la cit√© olympique wb2021,1100,"Tunis, il y a 23 minutes",https://www.tayara.tn/mediaGateway/resize-image?img=92/92127cba-d946-4305-89c8-4d3bf1637a15&w=300,https://www.tayara.tnhttps://www.tayara.tn/fr/item/680623aec5beda2b51cbde62/Appartements/Tunis/Cit_Olympique/s_plus_1_meubl_a_la_cit_olympique_wb2021/,tayara.tn,2025-04-21,Tunis,1.0,11.0,100.0,autre,unknown,1 100 DT,"[10.182936190833761, 36.79744285285241]",['https://www.tayara.tn/mediaGateway/resize-image?img=92/92127cba-d946-4305-89c8-4d3bf1637a15&w=300'],False,True,True
Appartement haut standing S+1 √† louer situ√© tout juste devant clinique manar1,1150,"Tunis, il y a 23 minutes",https://www.tayara.tn/mediaGateway/resize-image?img=8d/8d3d1fb2-cb42-4739-a5b6-cfb99ea562f7&w=300,https://www.tayara.tnhttps://www.tayara.tn/fr/item/680623adc5beda2b51cbde5f/Appartements/Tunis/El_Manar_1/Appartement_haut_standing_S1_louer_situ_tout_juste_devant_clinique_manar1/,tayara.tn,2025-04-21,Tunis,,,,autre,residential,1 150 DT,"[10.176244826944227, 36.810051122494535]",['https://www.tayara.tn/mediaGateway/resize-image?img=8d/8d3d1fb2-cb42-4739-a5b6-cfb99ea562f7&w=300'],False,True,True
bureau 2 pieces a el manzah 5 wb1434,950,"Ariana, il y a 23 minutes",https://www.tayara.tn/mediaGateway/resize-image?img=25/25ec9d6c-38f3-4805-b934-557ff0fdfe5c&w=300,https://www.tayara.tnhttps://www.tayara.tn/fr/item/680623acc1f8f57898ddd220/Bureaux%20et%20Plateaux/Ariana/El_Menzah_5/bureau_2_pieces_a_el_manzah_5_wb1434/,tayara.tn,2025-04-21,Ariana,,,,autre,unknown,950 DT,"[10.203574959450807, 36.86504669422694]",['https://www.tayara.tn/mediaGateway/resize-image?img=25/25ec9d6c-38f3-4805-b934-557ff0fdfe5c&w=300'],False,True,True
studio s plus 1 meubl√© a la cit√© el khadhra wb4151,700,"Tunis, il y a 23 minutes",https://www.tayara.tn/mediaGateway/resize-image?img=a9/a96a8b08-eec7-4fc2-908c-dee74393fb72&w=300,https://www.tayara.tnhttps://www.tayara.tn/fr/item/680623abc1f8f57898ddd21e/Maisons%20et%20Villas/Tunis/Cit_El_Khadra/studio_s_plus_1_meubl_a_la_cit_el_khadhra_wb4151/,tayara.tn,2025-04-21,Tunis,1.0,11.0,63.64,autre,residential,700 DT,"[10.187795518365302, 36.81208149463901]",['https://www.tayara.tn/mediaGateway/resize-image?img=a9/a96a8b08-eec7-4fc2-908c-dee74393fb72&w=300'],False,True,True
appartement S+3 aux Jardins de Carthage ‚Äì location de vacances,160,"Tunis, il y a 23 minutes",https://www.tayara.tn/mediaGateway/resize-image?img=47/4799acf8-f386-4078-ad5b-8fcb04cbf38d&w=100&w=300,https://www.tayara.tnhttps://www.tayara.tn/fr/item/67fea977fd1c6385be5028a8/Locations%20de%20vacances/Tunis/Jardins_De_Carthage/appartement_S3_aux_Jardins_de_Carthage_location_de_vacances_/,tayara.tn,2025-04-21,Tunis,,,,autre,residential,160 DT,"[10.1867630935309, 36.81285689821358]",['https://www.tayara.tn/mediaGateway/resize-image?img=47/4799acf8-f386-4078-ad5b-8fcb04cbf38d&w=100&w=300'],False,True,True
A louer un r√©ez de chauss√©e √† chatt mariem,1500,"Sousse, il y a 23 minutes",https://www.tayara.tn/mediaGateway/resize-image?img=8b/8b925b55-9a8a-419a-bf7a-8061cf9ccc61&w=100&w=300,https://www.tayara.tnhttps://www.tayara.tn/fr/item/68062385c1f8f57898ddd1ee/Maisons%20et%20Villas/Sousse/Akouda/A_louer_un_rez_de_chausse_chatt_mariem/,tayara.tn,2025-04-21,Sousse,,,,autre,unknown,1 500 DT,"[10.646701752193506, 35.831438503803895]",['https://www.tayara.tn/mediaGateway/resize-image?img=8b/8b925b55-9a8a-419a-bf7a-8061cf9ccc61&w=100&w=300'],False,True,True
√† louer par jour s+1 appartement studio meubl√© location par jour / nuit√©e,80,"Tunis, il y a 24 minutes",https://www.tayara.tn/mediaGateway/resize-image?img=28/28290493-db51-4e4e-b6c4-0778fddb761e&w=300,https://www.tayara.tnhttps://www.tayara.tn/fr/item/68062370c5beda2b51cbde0e/Appartements/Tunis/Manar/_louer_par_jour_s1_appartement_studio_meubl_location_par_jour_nuite_/,tayara.tn,2025-04-21,Tunis,,,,autre,residential,80 DT,"[10.172009236306303, 36.81092497543444]",['https://www.tayara.tn/mediaGateway/resize-image?img=28/28290493-db51-4e4e-b6c4-0778fddb761e&w=300'],False,True,True
location appartement studio meubl√© a louer par jour / nuit√©e üì¢ 58616768,70,"Ariana, il y a 25 minutes",https://www.tayara.tn/mediaGateway/resize-image?img=0f/0fae417f-daf4-4ac5-8a94-6cb600ed2f76&w=300,https://www.tayara.tnhttps://www.tayara.tn/fr/item/6806230cc5beda2b51cbdd75/Appartements/Ariana/Les_Jardins_El_Menzah_2/location_appartement_studio_meubl_a_louer_par_jour_nuite_58616768/,tayara.tn,2025-04-21,Ariana,,,,autre,residential,70 DT,"[10.190771749324249, 36.866047114340155]",['https://www.tayara.tn/mediaGateway/resize-image?img=0f/0fae417f-daf4-4ac5-8a94-6cb600ed2f76&w=300'],False,True,True
Appart S+1 meubl√© √† Ennasr 2 Hedi Nouira,1100,"Ariana, il y a 28 minutes",https://www.tayara.tn/mediaGateway/resize-image?img=97/97cb4744-277f-4567-90b9-85c411e96cb8&w=300,https://www.tayara.tnhttps://www.tayara.tn/fr/item/680622f3c1f8f57898ddd114/Appartements/Ariana/Cit_Ennasr_2/Appart_S1_meubl_Ennasr_2_Hedi_Nouira/,tayara.tn,2025-04-21,Ariana,1.0,11.0,100.0,autre,unknown,1 100 DT,"[10.197261441554781, 36.857826040730856]",['https://www.tayara.tn/mediaGateway/resize-image?img=97/97cb4744-277f-4567-90b9-85c411e96cb8&w=300'],False,True,True
√† louer un appartement S+2 situ√© √† sahloul 4,1000,"Sousse, il y a 28 minutes",https://www.tayara.tn/mediaGateway/resize-image?img=df/df66b850-9683-44fe-b304-f0352e42e70a&w=100&w=300,https://www.tayara.tnhttps://www.tayara.tn/fr/item/67ff8a58fd1c6385be50afde/Appartements/Sousse/Sahloul/_louer_un_appartement_S2_situ_sahloul_4/,tayara.tn,2025-04-21,Sousse,,,,autre,residential,1 000 DT,"[10.641082014846656, 35.83278878355982]",['https://www.tayara.tn/mediaGateway/resize-image?img=df/df66b850-9683-44fe-b304-f0352e42e70a&w=100&w=300'],False,True,True
Local √† Megrine Saint Gobain,90000,"Ben Arous, il y a 28 minutes",https://www.tayara.tn/mediaGateway/resize-image?img=07/074f8118-e3c1-4f27-b699-ef883ec7c2a6&w=300,https://www.tayara.tnhttps://www.tayara.tn/fr/item/680622ecc5beda2b51cbdd42/Magasins%2C%20Commerces%20et%20Locaux%20industriels/Ben_Arous/Mgrine/Local_Megrine_Saint_Gobain_/,tayara.tn,2025-04-21,Ben Arous,,,,autre,unknown,90 000 DT,"[10.214017678155022, 36.75790518381773]",['https://www.tayara.tn/mediaGateway/resize-image?img=07/074f8118-e3c1-4f27-b699-ef883ec7c2a6&w=300'],False,True,True
A louer appartement s1 haut standing jamais habit√©e a cit√© el wahatt Ain zaghouan,950,"Tunis, il y a 28 minutes",https://www.tayara.tn/mediaGateway/resize-image?img=62/62005d49-2baa-4377-a528-d021fde8b242&w=300,https://www.tayara.tnhttps://www.tayara.tn/fr/item/680622dac5beda2b51cbdd2a/Appartements/Tunis/L_Aouina/A_louer_appartement_s1_haut_standing_jamais_habite_a_cit_el_wahatt_Ain_zaghouan/,tayara.tn,2025-04-21,Tunis,,,,autre,residential,950 DT,"[10.188531785572154, 36.807178143477714]",['https://www.tayara.tn/mediaGateway/resize-image?img=62/62005d49-2baa-4377-a528-d021fde8b242&w=300'],False,True,True
√† louer appartement studio meubl√© s1 ennasr location par jour nuit√©e,70,"Tunis, il y a 28 minutes",https://www.tayara.tn/mediaGateway/resize-image?img=24/24154a60-25ca-4b5f-8449-5074eaec1d06&w=300,https://www.tayara.tnhttps://www.tayara.tn/fr/item/680622d7c5beda2b51cbdd25/Locations%20de%20vacances/Tunis/El_Menzah_9/_louer_appartement_studio_meubl_s1_ennasr_location_par_jour_nuite_/,tayara.tn,2025-04-21,Tunis,,,,autre,residential,70 DT,"[10.174314737357273, 36.80985128749629]",['https://www.tayara.tn/mediaGateway/resize-image?img=24/24154a60-25ca-4b5f-8449-5074eaec1d06&w=300'],False,True,True
duplex a ksar said wb1283,130000,"Tunis, il y a 28 minutes",https://www.tayara.tn/mediaGateway/resize-image?img=b6/b66bbec3-4b30-4b03-9ce2-09d72acd7725&w=300,https://www.tayara.tnhttps://www.tayara.tn/fr/item/680622d7c5beda2b51cbdd26/Maisons%20et%20Villas/Tunis/Ksar_Said/duplex_a_ksar_said_wb1283/,tayara.tn,2025-04-21,Tunis,,,,autre,unknown,130 000 DT,"[10.176796494263634, 36.815200301126396]",['https://www.tayara.tn/mediaGateway/resize-image?img=b6/b66bbec3-4b30-4b03-9ce2-09d72acd7725&w=300'],False,True,True
studio meubl√© a el manzah 9c wb4137,700,"Tunis, il y a 28 minutes",https://www.tayara.tn/mediaGateway/resize-image?img=31/31f6f180-1614-4e4b-945d-bf91256be61e&w=300,https://www.tayara.tnhttps://www.tayara.tn/fr/item/680622d5c1f8f57898ddd0ed/Maisons%20et%20Villas/Tunis/El_Menzah_9/studio_meubl_a_el_manzah_9c_wb4137/,tayara.tn,2025-04-21,Tunis,,,,autre,residential,700 DT,"[10.18519065975086, 36.81199162127963]",['https://www.tayara.tn/mediaGateway/resize-image?img=31/31f6f180-1614-4e4b-945d-bf91256be61e&w=300'],False,True,True
A vendre S+2 Ennasr sur l'avenue Hedi Nouira,250000,"Ariana, il y a 29 minutes",https://www.tayara.tn/mediaGateway/resize-image?img=c3/c356d3b0-0c88-4a94-97b7-2eb23a4e1532&w=300,https://www.tayara.tnhttps://www.tayara.tn/fr/item/68062294c5beda2b51cbdccc/Appartements/Ariana/Cit_Ennasr_2/A_vendre_S2_Ennasr_sur_lavenue_Hedi_Nouira/,tayara.tn,2025-04-21,Ariana,,,,autre,unknown,250 000 DT,"[10.1864592238547, 36.85638629786197]",['https://www.tayara.tn/mediaGateway/resize-image?img=c3/c356d3b0-0c88-4a94-97b7-2eb23a4e1532&w=300'],False,True,True
L'Aouina √©tage villa meubl√© √† louer,2800,"Tunis, il y a 29 minutes",https://www.tayara.tn/mediaGateway/resize-image?img=44/44a12b27-f286-4aeb-ae17-08e2aa60a6da&w=300,https://www.tayara.tnhttps://www.tayara.tn/fr/item/68062281c5beda2b51cbdcb2/Maisons%20et%20Villas/Tunis/L_Aouina/LAouina_tage_villa_meubl_louer_/,tayara.tn,2025-04-21,Tunis,,,,autre,residential,2 800 DT,"[10.185624494816505, 36.807193078166236]",['https://www.tayara.tn/mediaGateway/resize-image?img=44/44a12b27-f286-4aeb-ae17-08e2aa60a6da&w=300'],False,True,True
Bureau A+2 avec une vue panoramique √† Ennasr 2,1000,"Ariana, il y a 30 minutes",https://www.tayara.tn/mediaGateway/resize-image?img=46/46e14ebc-8835-4a9c-9e36-0a67df02441d&w=300,https://www.tayara.tnhttps://www.tayara.tn/fr/item/68062276c5beda2b51cbdca0/Bureaux%20et%20Plateaux/Ariana/Cit_Ennasr_2/Bureau_A2_avec_une_vue_panoramique_Ennasr_2/,tayara.tn,2025-04-21,Ariana,,,,autre,unknown,1 000 DT,"[10.184514346752042, 36.860881923789606]",['https://www.tayara.tn/mediaGateway/resize-image?img=46/46e14ebc-8835-4a9c-9e36-0a67df02441d&w=300'],False,True,True
‚òéÔ∏è 22333312 √† louer appartement studio meubl√© location par jour nuit√©e tunis Ennasr ÿ¥ŸÇÿ© ŸÖŸÅÿ±Ÿàÿ¥ÿ© s1 s2 s3,70,"Tunis, il y a 30 minutes",https://www.tayara.tn/mediaGateway/resize-image?img=55/55b2d9d6-16e0-41e8-bd8f-93cdebb2de22&w=300,https://www.tayara.tnhttps://www.tayara.tn/fr/item/68062275c5beda2b51cbdc9c/Appartements/Tunis/Menzah/_22333312_louer_appartement_studio_meubl_location_par_jour_nuite_tunis_Ennasr_s1_s2_s3/,tayara.tn,2025-04-21,Tunis,,,,autre,residential,70 DT,"[10.190576466258628, 36.80163653907404]",['https://www.tayara.tn/mediaGateway/resize-image?img=55/55b2d9d6-16e0-41e8-bd8f-93cdebb2de22&w=300'],False,True,True
s plus 2 a ennasr 2 wb953,1260,"Ariana, il y a 30 minutes",https://www.tayara.tn/mediaGateway/resize-image?img=ed/edfbedd2-93e4-4d3c-9b08-2c9763d25df9&w=300,https://www.tayara.tnhttps://www.tayara.tn/fr/item/68062267c5beda2b51cbdc8a/Appartements/Ariana/Ennasr/s_plus_2_a_ennasr_2_wb953/,tayara.tn,2025-04-21,Ariana,,,,autre,unknown,1 260 DT,"[10.197395017857353, 36.8578928250307]",['https://www.tayara.tn/mediaGateway/resize-image?img=ed/edfbedd2-93e4-4d3c-9b08-2c9763d25df9&w=300'],False,True,True
s plus 3 a la cit√© mahrajene wb3741,1400,"Tunis, il y a 30 minutes",https://www.tayara.tn/mediaGateway/resize-image?img=27/27bf4321-242d-413e-afcc-971be7fa04ae&w=300,https://www.tayara.tnhttps://www.tayara.tn/fr/item/68062266c1f8f57898ddd05d/Appartements/Tunis/Menzah/s_plus_3_a_la_cit_mahrajene_wb3741/,tayara.tn,2025-04-21,Tunis,,,,autre,unknown,1 400 DT,"[10.172985166639814, 36.80641457597651]",['https://www.tayara.tn/mediaGateway/resize-image?img=27/27bf4321-242d-413e-afcc-971be7fa04ae&w=300'],False,True,True
